,채용시작일,채용마감일,기업,직무,근무위치,경력,고용형태,업무소개,자격조건,우대사항
0,상시 채용,상시 채용,클레슨,"서버/백엔드, 블록체인","서울 중구 청계천로 40, (다동) 14층",신입,정규직,"10년 경력의 업계 정상급 전문 개발진과 함께
WEB3 MUSIC PLATFORM 개발을 함께할 인재를 찾고 있습니다.
[WEB3 MUSIC PLATFORM]
- Web3를 기반으로 한 새로운 패러다임의 Music Streaming 플랫폼을 개발합니다
- Web3 기반 Musician을 위한 NFT Market을 개발 및 운영합니다
- 글로벌 음악 강의 플랫폼 최적화 및 Web3 기능 연계, 개선업무를 합니다
[WEB3 MUSIC PLATFORM 백엔드 개발]
- NodeJS 기반으로 백엔드 비지니스 로직을 개발하고 배포합니다.
- Smart Contract와 통신하여 블록체인 기반의 비지니스 로직을 개발하고 배포합니다
- 데이터성격에 맞게 MySql / MongoDB / Redis에 데이터를 적재하고 이용하는 코드를 작성합니다.
- 여러 백엔드 개발자들이 협업하기 좋은 코드로 지속적으로 리팩토링합니다.","- Node.js, express 기반의 백엔드 개발 경험이 있으신 분
- 정적 타입 언어를 사용했거나, TypeScript에 대한 이해가 있으신 분
- MySQL과 같은 관계형 데이터베이스를 사용하고 기본적인 테이블 설계를 해보신 분
- HTTP 통신에 대한 기본적인 이해, RESTful API에 대한 설계나 개발 경험이 있으신 분
- Function, Class, Instance, Object Literal 에 대해 기본적인 내용을 알고 있고, 상황에 따라 적절하게 사용하고 계신 분
- 기본적인 SQL 문법, JOIN, Subquery 등을 활용할 줄 아시는 분
- Git과 Github에 대한 기본적인 사용법을 알고 있고, 기본적인 Git의 브랜치 전략들을 사용하는데 무리가 없으신 분","우대 조건은 아래 조건을 모두 할 수 있는 분을 의미하진 않습니다.
이 중 일부라도 해당하는 분이시면 즐거운 마음으로 관련 대화를 나눠볼 수 있을것 같습니다.
우대 조건
- Nest.js를 사용해본 경험이 있으신 분
- Aws ECR, ECS, EC2, S3, CloudFront, RDS 를 활용한 서비스 구축 경험이 있으신 분
- Spring MVC와 같은 MVC Framework를 사용해본 경험이 있으신 분
- OOP에 대한 기본적인 이해도가 있으신 분 (객체의 역할 / 책임 / 협력등)
- Jest, supertest 등 테스트 프레임워크를 통해 테스트 코드 를 작성해오신 분
- BlockChain 관련 개발 경험이 있으신 분
- CI/CD 자동화에 경험이 있으신 분
- 인프라 엔지니어가 없으면, 본인이 직접 AWS 인프라 구성을 해서라도 문제를 해결해야 속이 시원하신 분
- 반복적으로 진행하는 수동적인 작업에 불편을 느껴 자동화를 진행해본 경험이 있으신 분
- 주어진 task를 완료하기 위해 수반되는 모든 일들(필요하다면 팀의 도움 요청, 커뮤니케이션 등)을 주도적으로 하는데 부담이 없이신 분
- 지식을 팀원과 공유하고 코드 리뷰 등을 통해 피드백 하는 것에 적극적이신 분
- 팀원들과 함께 일하면서 서로를 존중하고, 서로를 돕는 분위기를 만들어가는데 능숙하신 분"
1,2022-11-01 00:00,2022-11-30 23:59,인터엠디컴퍼니,"서버/백엔드, 프론트엔드, 웹 풀스택","서울 종로구 청계천로 71, 11층 (관철동, 계원빌딩)",2 ~ 12년,정규직,"인터엠디 서비스의 웹, 웹앱, 백오피스 개발 및 운영","Spring framework 기반의 Web 및 Backend 개발 경력 2년 이상
MySql 기반의 Data 설계 및 SQL 작성에 능숙하신 분
ajax, jQuery, JavaScript 활용 가능하신 분
Linux System 및 Web 서비스 구조에 대한 기본 지식을 보유하신 분
적극적이고 명확한 커뮤니케이션 능력이 있으신 분","하나 이상의 온라인 서비스 설계 및 구축, 운영까지 모두 경험하신 분
AWS 활용 및 서비스(S3, SES 등) 연동 경험이 있으신 분
ElasticSearch 기반 검색 서비스 구축 및 운영 경험이 있으신 분
온라인 서비스 보안에 대한 이해가 있으신 분"
2,상시 채용,상시 채용,쿼타랩,서버/백엔드,"대한민국 서울특별시 강남구 테헤란로 503, 하이브로빌딩 15층",경력 무관,정규직,"쿼타랩 소개
“전 세계가 여러 세대에 걸쳐 사용할 수 있는 비상장 금융 인프라를 만드는 것”

쿼타랩은 스타트업 및 투자사의 효율적인 증권 관리를 돕는 SaaS 스타트업입니다.

지난 40년 가까이 스타트업 및 투자 업계 내의 커뮤니케이션 업무는 수많은 종이 증서와 엑셀을 통해 비효율적으로 관리되고 있었습니다. 쿼타랩은 각자 분산되어 있는 데이터를 이어 업계 표준을 만들어 나감으로써 혁신적인 인프라를 구축해나가고 있으며, 스타트업 및 투자 생태계의 선순환과 경쟁력 강화에 기여하고 있습니다.

쿼타랩의 증권 관리 서비스 쿼타북은 토스, 샌드박스, 당근마켓, 스톤브릿지 등 4,200여 개 이상 (2022년 10월 기준)의 스타트업 및 투자사가 사용하고 있으며, 40조 원 이상의 투자 자산을 관리하고 있습니다.

우리는 위와 같은 비전을 향해, 자율과 책임이라는 문화를 기반으로 매일 새로운 도전을 하고 있습니다.
대한민국 금융 인프라의 새로운 역사를 함께 써나갈 최고의 동료를 기다리고 있습니다.


어떤 팀인가요?
프로덕트 팀은 실질적인 문제 해결을 빠른 속도로 실행하는 팀입니다. 최소 단위로 해결책을 찾아내고, 그 해결책을 고객의 기대에 맞춰 끊임없이 배포를 합니다. 그리고 매번 회고를 통해, 팀을 계속 발전시킬 수 있는 방법이나 문화를 탐구해나갑니다.


어떤 역할을 맡게 되나요?
백엔드 챕터의 일원이 되어 쿼타북 및 쿼타스페이스 서비스의 근간을 함께 만들어 나가게 됩니다. 끊임없이 변하는 비상장 증권의 데이터에 맞춰, 장기적으로는 표준 시스템을 만드는 데에 일조합니다.


합류하시면 함께 할 업무예요
증권 관리, 계약, 주주 관리, 투자 등의 비상장 금융 맥락이 가지고 있는 모든 문제를 해결하는 금융 플랫폼을 개발하고 운영합니다.
스타트업과 투자사가 사용하는 증권 관리 플랫폼인 쿼타북을 개발합니다. 쿼타북은 증권 관리, 계약, 주주 관리, 투자 등의 비상장 금융 플랫폼입니다.
스타트업과 투자사/보육기관을 연결하는 커뮤니케이션 서비스인 쿼타스페이스를 개발합니다. 쿼타스페이스는 증권을 넘어 모든 데이터와 커뮤니케이션을 아우를 수 있는 플랫폼입니다.","이런 분을 찾습니다!
2년 이상 또는 그에 준하는 벡엔드 서비스 개발 및 유지 관리 경험을 가지신 분
쿼타랩의 기술 스택에 이미 익숙하거나, 새로운 기술을 빠르게 배울 수 있는 역량과 의지가 있으신 분
팀워크를 중요시하고 팀 단위로 일을 진행하고 결과를 만들어 내시는 분","복잡한 도메인 로직을 가진 서비스 개발 경험이 있으신 분
코드 리뷰와 리팩토링으로 코드 퀄리티를 개선한 경험이 있으신 분
Layered Architecture에 대한 경험이 있으신 분
AWS, GCP 등 클라우드 플랫폼 사용 경험 및 SaaS에 대한 이해를 가지고 계신 분"
3,상시 채용,상시 채용,로민,"서버/백엔드, 프론트엔드, 웹 풀스택","서울 서초구 방배천로2길 10, (방배동) 7층",3 ~ 15년,정규직,"[로민 회사 소개]
로민(Lomin)은 컴퓨터비전 및 자연어처리 기술을 사용하여 실생활과 산업 전반의 여러 문제를 해결하고자 하는 기술 스타트업으로, 가장 최신의 인공지능 기술로 문서 데이터를 자동으로 이해하고 처리하는 솔루션을 개발하여 기업들의 디지털 혁신과 업무 자동화를 주도하고 있습니다.
로민의 문서 이해 플랫폼(Document Understanding Platform) 텍스트스코프 스튜디오(Textscope Studio)는 기존의 솔루션과는 차별화된 기술과 신뢰성으로 국민카드, 카카오뱅크, 신한은행, 흥국생명, 수출입은행, 국가기록원 등과 같은 다양한 기업 및 기관들에 공급되어, 고객의 문서 데이터 자산의 활용 가치를 높이고, 직원을 생산성을 향상시킬 수 있도록 돕고 있습니다..

[합류 후 담당하실 업무는요]
이번 채용으로 팀에 합류하시는 분은 Textscope의 서비스 개발 전반을 함께하시게 됩니다.
Textscope 웹기반 서비스를 설계하고 구현합니다.
자사 홈페이지 및 사내 서비스를 설계하고 구현합니다.
기술 데모용 웹사이트와 클라이언트를 개발합니다.
AI OCR 솔루션 Textscope의 On-premise / Cloud 제품의 프론트엔드 / 백엔드 개발을 담당합니다.
대용량 RESTful API를 처리할 수 있는 서버를 구축합니다.
딥러닝 기반 OCR 모델 serving을 위한 효율화 및 최적화를 담당합니다.
빌드 / 배포 자동화 파이프라인을 구축합니다.","[이런 분과 함께하고 싶어요]
웹개발 경력 3년 이상이거나 그에 준하는 역량을 보유하신 분을 찾습니다.
HTML5, CSS, Javascript(최소 ES5)에 대해 이해가 높으신 분을 찾습니다.
Angular, Vue, React 중 하나 이상 기본 지식을 보유하신 분을 찾습니다.
RESTful API에 대한 이해 및 개발 경험이 있는 분을 찾습니다.
데이터베이스를 사용한 프로젝트 경험이 있는 분을 찾습니다.
리눅스 개발 환경과 Git, Docker 등 기본적인 개발 도구 사용이 익숙한 분을 찾습니다.
각종 협업 도구에 익숙하고 새로운 툴을 사용하는데 적극적인 분을 찾습니다.
머신러닝, 딥러닝에 대한 흥미를 가진 분을 찾습니다.","대용량 트래픽 처리를 위한 시스템을 구성 및 운영해본 경험이 있는 분이면 좋습니다.
TDD 기반의 개발 경험이 있는 분이면 좋습니다.
딥러닝 모델을 다뤄본 경험이 있는 분이면 좋습니다.
AWS, GCP 등의 클라우드 기반 서비스 운영 경험이 있는 분이면 좋습니다.
빌드 / 테스트 / 배포 자동화 경험이 있는 분이면 좋습니다.
Microservices 아키텍처 기반의 시스템 개발 경험이 있는 분이면 좋습니다.
머신러닝을 적용한 프로젝트 경험이 있는 분이면 좋습니다."
4,상시 채용,상시 채용,로민,"웹 풀스택, 머신러닝, 인공지능(AI)","서울 서초구 방배천로2길 10, (방배동) 7층",경력 무관,정규직,"[로민 회사 소개]
로민(Lomin)은 컴퓨터비전 및 자연어처리 기술을 사용하여 실생활과 산업 전반의 여러 문제를 해결하고자 하는 기술 스타트업으로, 가장 최신의 인공지능 기술로 문서 데이터를 자동으로 이해하고 처리하는 솔루션을 개발하여 기업들의 디지털 혁신과 업무 자동화를 주도하고 있습니다.
로민의 문서 이해 플랫폼(Document Understanding Platform) 텍스트스코프 스튜디오(Textscope Studio)는 기존의 솔루션과는 차별화된 기술과 신뢰성으로 국민카드, 카카오뱅크, 신한은행, 흥국생명, 수출입은행, 국가기록원 등과 같은 다양한 기업 및 기관들에 공급되어, 고객의 문서 데이터 자산의 활용 가치를 높이고, 직원을 생산성을 향상시킬 수 있도록 돕고 있습니다.

[합류 후 담당하실 업무는요]
이번 채용으로 팀에 합류하시는 분은 다양한 상황(스마트폰 촬영/팩스 전송/스캔 등)에서 획득된 이미지에서 자유로운 형태와 배치를 가지는 텍스트를 인식하는 OCR 엔진의 성능을 개선하고, 양식이 다양한 비정형 문서 이미지에서 멀티모달 정보(텍스트의 transcription, 위치, 시각적 특징)를 기반으로 문서 구조 인식 및 텍스트 간의 관계를 예측하는 기술 개발, 문서 인식을 위한 다양한 전처리/후처리 알고리즘 개발 등을 담당하게 됩니다. 또한, 딥러닝 모델이 사용하는 메모리를 절감하고 처리속도를 향상 시키기 위해 모델 경량화 및 inference 전용 모델 변환하는 업무에도 참여합니다.
Textscope의 OCR 엔진 및 문서 인식 알고리즘을 개발합니다.
모델 serving을 위한 변환 및 최적화를 담당합니다.
지속적인 모델의 성능을 개선하고 관리합니다.","[이런 분과 함께하고 싶어요]
이공계(전공 무관) 학사 이상이신 분을 찾습니다.
머신러닝, 딥러닝에 대한 흥미가 있는 분을 찾습니다.
컴퓨터비전 및 딥러닝에 대한 지식, 논문을 읽고 구현할 수 있는 능력이 있는 분을 찾습니다.
처음 해보는 일도 당황하지 않고 침착하게 해결할 수 있는 문제해결 능력이 있는 분을 찾습니다.
리눅스 개발 환경과 Git, Docker 등 기본적인 개발 도구 사용이 익숙한 분을 찾습니다.
각종 협업 도구에 익숙하고 새로운 툴을 사용하는데 적극적인 분을 찾습니다.
새로운 지식에 대한 빠른 습득 능력이 있는 분을 찾습니다.","SW 개발 실무 경험이 있는 분이면 좋습니다.
Object Detection / Recognition / Segmentation 모델 개발 경험이 있는 분이면 좋습니다.
Multi modality(Image, Text 등) 기반 머신러닝 알고리즘 개발 경험이 있는 분이면 좋습니다.
머신러닝 관련 프로덕트 개발 경험이 있는 분이면 좋습니다.
모델 Inference 최적화 관련 개발 경험이 있는 분이면 좋습니다.
머신러닝 관련 대회 참가 경험이 있는 분이면 좋습니다.
머신러닝 관련 국제학술대회에 논문을 게재한 경험이 있는 분이면 좋습니다.
관련 분야 석사학위 이상을 소지하신 분이면 좋습니다."
5,상시 채용,상시 채용,쿼타랩,프론트엔드,"대한민국 서울특별시 강남구 테헤란로 503, 하이브로빌딩 15층",경력 무관,정규직,"쿼타랩 소개
“전 세계가 여러 세대에 걸쳐 사용할 수 있는 비상장 금융 인프라를 만드는 것”

쿼타랩은 스타트업 및 투자사의 효율적인 증권 관리를 돕는 SaaS 스타트업입니다.

지난 40년 가까이 스타트업 및 투자 업계 내의 커뮤니케이션 업무는 수많은 종이 증서와 엑셀을 통해 비효율적으로 관리되고 있었습니다. 쿼타랩은 각자 분산되어 있는 데이터를 이어 업계 표준을 만들어 나감으로써 혁신적인 인프라를 구축해나가고 있으며, 스타트업 및 투자 생태계의 선순환과 경쟁력 강화에 기여하고 있습니다.

쿼타랩의 증권 관리 서비스 쿼타북은 토스, 샌드박스, 당근마켓, 스톤브릿지 등 4,200여 개 이상 (2022년 10월 기준)의 스타트업 및 투자사가 사용하고 있으며, 40조 원 이상의 투자 자산을 관리하고 있습니다.

우리는 위와 같은 비전을 향해, 자율과 책임이라는 문화를 기반으로 매일 새로운 도전을 하고 있습니다.
대한민국 금융 인프라의 새로운 역사를 함께 써나갈 최고의 동료를 기다리고 있습니다.


어떤 팀인가요?
프로덕트 팀은 실질적인 문제 해결을 빠른 속도로 실행하는 팀입니다. 최소 단위로 해결책을 찾아내고, 그 해결책을 고객의 기대에 맞춰 끊임없이 배포를 합니다. 그리고 매번 회고를 통해, 팀을 계속 발전시킬 수 있는 방법이나 문화를 탐구해나갑니다.


어떤 역할을 맡게 되나요?
쿼타랩 프론트엔드 챕터는 다른 메이커 직군과의 긴밀한 커뮤니케이션을 통해, 스톡옵션이나 RSU, 펀드 관리와 같은 복잡한 비상장 증권/금융 데이터를 사용자들이 편하게 이해하고 관리할 수 있도록 최고의 UI/UX로 표현하는 역할을 담당하고 있습니다.
또한 사내 라이브러리 개발, 디자인 시스템 구축 등 DX를 향상시킬 수 있는 작업을 통해 프론트엔드 개발자들의 생산성을 높여, 모두가 10x 엔지니어가 될 수 있는 사내 인프라 구축에도 힘쓰고 있어요.


함께 할 팀원들이 궁금하시다면 아래 블로그 링크에서 알아보실 수 있어요.
🧑‍💻에반: https://evan-moon.github.io/
👨‍💻일론: https://jungpaeng.tistory.com/


합류하시면 함께 할 업무예요
증권 관리, 계약, 주주 관리, 투자 등의 비상장 금융 맥락이 가지고 있는 모든 문제를 해결하는 금융 플랫폼을 개발합니다.
개발자들의 생산성을 높일 수 있는 도구들을 만들고 DX를 개선하여 프론트엔드 챕터의 생산성 향상에 기여합니다.
프로덕트 디자이너들과 긴밀하게 협업하여 팀의 생산성을 높이기 위한 디자인 시스템 개발에 기여합니다.","이런 분을 찾습니다!
동료들과 함께 건강한 자극을 주고 받으며 함께 성장할 수 있으신 분
단순히 주어진 문제를 해결하는 것이 아닌, 주도적으로 문제를 발견하고 분석해서 솔루션을 제안할 수 있으신 분
자신이 작성한 코드의 의도를 명확하게 전달할 수 있으신 분
새로운 기술을 빠르게 배울 수 있는 역량과 의지가 있으신 분","자신의 하드스킬, 소프트스킬을 팀에 공유하고 좋은 영향력을 만들어 동료와 팀을 성장시키고 싶으신 분
복잡한 도메인을 개선할 수 있는 UI / UX를 구현하는 것에 관심이 있으신 분
개발자들의 생산성을 높일 수 있는 개발환경 개선 및 구축에 관심이 있으신 분
React의 Suspense, Concurrent mode와 같은 최신 기술을 적극적으로 사용하여 제품의 성능과 설계 패턴을 개선하는 것에 관심이 있으신 분
높은 트래픽 처리와 성능 개선을 위한 서비스 최적화 경험이 있으신 분"
6,상시 채용,상시 채용,쿼타랩,서버/백엔드,"대한민국 서울특별시 강남구 테헤란로 503, 하이브로빌딩 15층",5 ~ 10년,정규직,"쿼타랩 소개
“전 세계가 여러 세대에 걸쳐 사용할 수 있는 비상장 금융 인프라를 만드는 것”

쿼타랩은 스타트업 및 투자사의 효율적인 증권 관리를 돕는 SaaS 스타트업입니다.

지난 40년 가까이 스타트업 및 투자 업계 내의 커뮤니케이션 업무는 수많은 종이 증서와 엑셀을 통해 비효율적으로 관리되고 있었습니다. 쿼타랩은 각자 분산되어 있는 데이터를 이어 업계 표준을 만들어 나감으로써 혁신적인 인프라를 구축해나가고 있으며, 스타트업 및 투자 생태계의 선순환과 경쟁력 강화에 기여하고 있습니다.

쿼타랩의 증권 관리 서비스 쿼타북은 토스, 샌드박스, 당근마켓, 스톤브릿지 등 4,200여 개 이상 (2022년 10월 기준)의 스타트업 및 투자사가 사용하고 있으며, 40조 원 이상의 투자 자산을 관리하고 있습니다.

우리는 위와 같은 비전을 향해, 자율과 책임이라는 문화를 기반으로 매일 새로운 도전을 하고 있습니다.
대한민국 금융 인프라의 새로운 역사를 함께 써나갈 최고의 동료를 기다리고 있습니다.


어떤 팀인가요?
프로덕트 팀은 실질적인 문제 해결을 빠른 속도로 실행하는 팀입니다. 최소 단위로 해결책을 찾아내고, 그 해결책을 고객의 기대에 맞춰 끊임없이 배포를 합니다. 그리고 매번 회고를 통해, 팀을 계속 발전시킬 수 있는 방법이나 문화를 탐구해나갑니다.


어떤 역할을 맡게 되나요?
백엔드 챕터의 일원이 되어 쿼타북 및 쿼타스페이스 서비스의 근간을 함께 만들어 나가게 됩니다. 끊임없이 변하는 비상장 증권의 데이터에 맞춰, 장기적으로는 표준 시스템을 만드는 데에 일조합니다.


합류하시면 함께 할 업무예요
증권 관리, 계약, 주주 관리, 투자 등의 비상장 금융 맥락이 가지고 있는 모든 문제를 해결하는 금융 플랫폼을 개발하고 운영합니다.
스타트업과 투자사가 사용하는 증권 관리 플랫폼인 쿼타북을 개발합니다. 쿼타북은 증권 관리, 계약, 주주 관리, 투자 등의 비상장 금융 플랫폼입니다.
스타트업과 투자사/보육기관을 연결하는 커뮤니케이션 서비스인 쿼타스페이스를 개발합니다. 쿼타스페이스는 증권을 넘어 모든 데이터와 커뮤니케이션을 아우를 수 있는 플랫폼입니다.","이런 분을 찾습니다!
5년 이상 또는 그에 준하는 벡엔드 서비스 개발 및 유지 관리 경험을 가지신 분
SaaS 및 B2B 서비스에 대한 이해도가 있는 분
단순히 주어진 문제를 해결하는 것이 아닌, 주도적으로 문제를 발견하고 분석해서 솔루션을 제안할 수 있으신 분","복잡한 도메인 로직을 가진 서비스 개발 경험이 있으신 분
코드 리뷰와 리팩토링으로 코드 퀄리티를 개선한 경험이 있으신 분
Clean Architecture, Layered Architecture에 대한 경험이 있으신 분
AWS, GCP 등 클라우드 플랫폼 사용 경험 및 SaaS에 대한 이해를 가지고 계신 분
글로벌 서비스를 운영해본 경험이 있으신 분"
7,상시 채용,상시 채용,해치랩스,"프론트엔드, 웹 풀스택, 블록체인","서울 강남구 봉은사로 179, (논현동) H타워 12층",3 ~ 10년,정규직,"Face Wallet 소개

이런 문제를 풀고 있어요.
해치랩스는 ”모든 사람들이 디지털 세상의 가치를 소유하는 미래를 연결합니다.”라는 비전을 갖고, 기업들과 개인들이 디지털 자산을 안전하게 보관하고 편리하게 사용할 수 있는 서비스를 전 세계 수백 개의 고객사들을 대상으로 제공하고 있습니다. 특히, 해치랩스는 전 세계 30억 명의 Game Player 들이 더 안전하고 쉽게 P2E/NFT 게임을 할 수 있는 In-Game Single Sign-On Multichain 지갑을 만들고 있습니다. Private Beta를 앞둔 Face Wallet 은 이미 수십 개의 국내외 주요 게임사들이 MOU 등을 통해 도입 의사를 밝혔으며, 다양한 잠재 고객사를 보유하고 있습니다.

전세계 게임사들은 왜 Face 지갑을 도입하기를 원하나요?
Global First Crypto Wallet이라는 First Mover Advantage를 가지고 약 3천만 명의 MAU를 자랑하는 Metamask는 현재 P2E 게이머들과 게임회사들이 주로 이용하고 있는 지갑 중 하나입니다. 하지만, 현재 Metamask를 연동한 게임사들과 아직 연동하지 않은 게임사들이 공통적으로 겪고 있는 문제들이 있습니다.
Metamask는 In-app 지갑이 아니기 때문에 게임 유저들이 게임을 하면서 얻은 FT, NFT를 거래하기 위해서 DEX, NFT Marketplace로 별도의 앱/웹으로 이탈하여 거래 혹은 판매를 진행해야 합니다. 또한, 게임 유저들이 개인 지갑을 세팅하고 시드 문구(Seed Phrase)를 따로 보관해야 하는 불편함이 있습니다. 만약 이 시드 문구를 잊어버리게 된다면, Metamask도 게임사도 복구가 불가능하도록 지갑이 설계되어 있습니다.
Face Wallet은 이 외에도 존재하는 다양한 문제들을 해결해 주며, 훨씬 쉽고 안전하다는 잠재 고객사들의 찬사를 받고 있습니다.

주요 업무
B2C 지갑 프론트엔드 시스템을 개발 및 운영해요.
고객의 목소리를 바탕으로 다양한 직군(디자인팀, 세일즈팀 등)과 협업하여 새로운 기능들을 제공해요.
사용자 친화적인 인터페이스를 제공하기 위해 프론트엔드 시스템을 개선해요.
다양한 종류의 디지털 자산(메인넷, NFT 등)을 지원하기 위해 연구 및 개발해요.
다양한 블록체인 플랫폼 지원에 유연하고 확장성 있는 시스템을 설계해요.
고객에게 DApp을 편리하게 사용할 수 있도록 블록체인/스마트 컨트랙트를 연동 및 개발해요.
성능 개선을 통해 고객에게 더 편리한 환경을 제공해요.","3년 이상의 프론트엔드 개발 경험 혹은 이에 준하는 능력을 가지고 있으신 분
React.js 프로젝트 개발 경험
HTML, CSS 및 JavaScript 생태계에 익숙하신 분
서버 개발자, 디자인 직군과 원활히 소통하는 능력","Mobx, Redux, Recoil 등 상태 관리 패턴 사용 경험
TypeScript, Flow 등 JS 정적 타이핑 툴 경험
Next.js 등 SPA Framework을 이용한 SSR 프로젝트 경험
UI/UX 개선과 관련된 고민을 좋아 하시는 분
새로운 기술에 관심이 많고, 자기 개발을 위해 노력하시는 분
블록체인 분야에서 개발 경험이 있거나, 블록체인 도메인 지식을 갖추신 분
프론트엔드 테스트하는 코드를 작성한 경험이 있으신 분"
8,상시 채용,상시 채용,해치랩스,"서버/백엔드, 웹 풀스택, 블록체인","서울 강남구 봉은사로 179, (논현동) H타워 12층",3 ~ 10년,정규직,"Face Wallet 소개

이런 문제를 풀고 있어요.
해치랩스는 ”모든 사람들이 디지털 세상의 가치를 소유하는 미래를 연결합니다.”라는 비전을 갖고, 기업들과 개인들이 디지털 자산을 안전하게 보관하고 편리하게 사용할 수 있는 서비스를 전 세계 수백 개의 고객사들을 대상으로 제공하고 있습니다. 특히, 해치랩스는 전 세계 30억 명의 Game Player 들이 더 안전하고 쉽게 P2E/NFT 게임을 할 수 있는 In-Game Single Sign-On Multichain 지갑을 만들고 있습니다. Private Beta를 앞둔 Face Wallet 은 이미 수십 개의 국내외 주요 게임사들이 MOU 등을 통해 도입 의사를 밝혔으며, 다양한 잠재 고객사를 보유하고 있습니다.
전세계 게임사들은 왜 Face 지갑을 도입하기를 원하나요?
Global First Crypto Wallet이라는 First Mover Advantage를 가지고 약 3천만 명의 MAU를 자랑하는 Metamask는 현재 P2E 게이머들과 게임회사들이 주로 이용하고 있는 지갑 중 하나입니다. 하지만, 현재 Metamask를 연동한 게임사들과 아직 연동하지 않은 게임사들이 공통적으로 겪고 있는 문제들이 있습니다.
Metamask는 In-app 지갑이 아니기 때문에 게임 유저들이 게임을 하면서 얻은 FT, NFT를 거래하기 위해서 DEX, NFT Marketplace로 별도의 앱/웹으로 이탈하여 거래 혹은 판매를 진행해야 합니다. 또한, 게임 유저들이 개인 지갑을 세팅하고 시드 문구(Seed Phrase)를 따로 보관해야 하는 불편함이 있습니다. 만약 이 시드 문구를 잊어버리게 된다면, Metamask도 게임사도 복구가 불가능하도록 지갑이 설계되어 있습니다.
Face Wallet은 이 외에도 존재하는 다양한 문제들을 해결해 주며, 훨씬 쉽고 안전하다는 잠재 고객사들의 찬사를 받고 있습니다.

주요 업무
B2C 지갑 백엔드 시스템을 개발 및 운영해요.
고객의 목소리를 바탕으로 다양한 직군(디자인팀, 세일즈팀 등)과 협업하여 새로운 기능들을 제공해요.
안정적인 지갑 서비스를 제공하기 위해 견고하고 확장성 있는 백엔드 시스템을 개선해요.
다양한 종류의 디지털 자산(메인 넷, NFT 등)을 지원하기 위해 연구 및 개발해요.
다양한 블록체인 플랫폼 지원에 유연하고 확장성 있는 시스템을 설계해요.
고객에게 DApp을 편리하게 사용할 수 있도록 블록체인/스마트 컨트랙트를 연동 및 개발해요.
성능 개선을 통해 고객에게 더 편리한 환경을 제공해요.","3년 이상의 백엔드 개발 경험 혹은 이에 준하는 능력을 가지고 있으신 분
블록체인 기술에 대한 관심이 높으며 산업 성장성에 확신이 있으신 분
이해가 깊고 자신 있는 한 가지 이상의 언어로 서버를 개발/운영한 경험이 있으신 분
끊임없이 성장하고자 노력하며, 새로운 지식을 습득하는 것을 즐기시는 분
좋은 추상화와 확장성 있는 설계에 대해 고민하시는 분
동료의 코드 리뷰에 적극적이시고, 협업을 통한 목표 달성이 즐거우신 분
테스트를 통해 완결성 있는 결과물을 추구하시는 분","블록체인을 활용한 서비스 제작 경험이 있으신 분
Java Spring Framework, JPA 기반의 서버 개발/운영 경험이 있으신 분
도커 / 쿠버네티스 / GCP 등 클라우드 환경에서의 운영 경험이 있으신 분
DDD(Domain Driven Design)가 적용된 시스템 제작 경험이 있으신 분
CI/CD 파이프라인에 대한 이해가 있으신 분
쿼리 최적화, 데이터베이스에 대한 이해도가 있으신 분
MSA(MicroService Architecture)에 대한 이해가 있으신 분"
9,상시 채용,상시 채용,잉클,"인공지능(AI), 게임 클라이언트, 임베디드 소프트웨어","경기 화성시 동탄기흥로 560, (영천동) 동익미라벨타워 806호 주식회사 잉클",0 ~ 20년,정규직,"• 실시간 설비 모니터링 툴 개발
• 실시간 데이터를 이용한 데이터 시각화 컨텐츠 개발
• 3D 모델을 이용하여 현실과 동일하게 움직이는 디지털트윈 클라이언트 개발
• Unity 3D, UGUI, C#을 이용한 모니터링 툴 개발
• 모니터링 툴에 속하는 데이터 시각화 컨텐츠 및 디지털 트윈 개발","경력 요건
•Unity와 C#에 대한 이해 및 활용 경험
•코드 구조화 및 아키텍처에 대한 이해가 있으신 분
•그래픽스 파이프 라인에 대한 이해가 있으신 분
•Unity Batch 및 최적화 관련 이해가 있으신 분
•원활한 커뮤니케이션 능력과 긍정적인 사고를 가지신 분
신입 요건
- Unity3D 를 이용한 실시간 설비 모니터링 화면 개발
    - 개발환경 : Unity 2019, C# 7.0
------------------------------------------------------------
지원서 작성 시 참고 (필수로 작성해 주세요)
1. 지원 동기 (글자 수 자유)
    1. 예시)
    와서 이런 것을 해보고 싶다
    자신의 능력이 도움이 될 것이다.
    비전에 공감한다.
2. 유니티를 이용한 포트폴리오 (아래 내용 포함 양식 자유)
    1. 자신이 개발한 내용 중 가장 어필하고 싶은 것","신입 우대 사항
- 조명, 셰이더 등 그래픽스 파이프라인에 관심이 있으신 분
- 코드 구조화 및 설계에 관심이 있으신 분
- Unity 최적화에 관심이 있으신 분
- 바다 서핑을 좋아하는 분
경력 우대 사항
- DirectX, OpenGL 또는 WebGL 과 같은 그래픽스 라이브러리 사용 경험이 있으신 분
- 제품 개발을 이끌거나, 아이디어를 제품화 해본 경험이 있으신 분
- Unity 아키텍처 설계에 경험이 있으신 분
- 산업 생태계에 대한 이해가 있으신 분
- 바다 서핑을 좋아하는 분"
10,상시 채용,상시 채용,트릿지,머신러닝,"서울특별시 서초구 방배로 226, 2, 4, 5, 6, 별관2층(방배동, 넥센강남타워)",3 ~ 10년,정규직,"이러한 목표를 함께 이루고자 합니다:
트릿지의 Machine Learning Engineer 는 창의적인 사고를 바탕으로 머신러닝을 비롯한 데이터 프로세싱 기술을 활용하여 비즈니스를 혁신하는 솔루션을 만드는 역할을 수행하며, 데이터 이니셔티브에 대해 소프트웨어 개발자, 데이터베이스 설계자, 데이터 분석가를 지원하고 진행 중인 프로젝트 전반에 걸쳐 최적의 데이터 전달 아키텍처가 일관되도록 보장하는 책임을 가지고 있습니다.
이러한 업무를 주도적으로 수행합니다:
- 비즈니스 요구 사항에 부합하는 머신러닝 애플리케이션을 개발 프로젝트를 리드합니다.
- 방대한 양의 누적 데이터를 분석하여 예측 값을 도출해냅니다.
- 새로운 API를 구축하여 데이터 볼륨과 복잡성의 지속적인 증가에 기여합니다.
- 데이터 변환 및 정제, 기능 개발, 모델 구현에 대한 전반적인 업무에 참여합니다.
- 프로젝트 범위 지정, 데이터 요구 사항, 모델링 전략 및 배포 요구사항 등을 포함한 머신러닝 시스템을 설계합니다.
- 백엔드 엔지니어 및 데이터 엔지니어와 긴밀하게 협력하여 머신러닝 모델을 개발합니다.
- 커스텀 데이터 알고리즘을 개발합니다.
- 코드 리뷰에 참여하여 코드 품질을 보장하고 공유함으로써 팀의 실력 향상에 기여합니다.","이러한 역량과 경험이 있는 분들을 찾습니다:
- 컴퓨터공학 또는 관련 분야의 학사 학위를 취득하신 분
- 데이터 사이언티스트 또는 머신 러닝 엔지니어로서 3년 이상의 경험을 보유하신 분
- 구조화되지 않은 비정형 데이터에 대한 탄탄한 분석 스킬을 보유하신 분 (데이터 수집, 분석, 해석 및 시각화 포함)
- 데이터 과학 개념에 익숙하신 분
- 머신 러닝 기술에 대한 지식을 보유하신 분
- SQL, Python 언어 사용에 능숙하신 분
- Jupyter Notebook, TensorFlow, Pytorch 사용 경험이 있으신 분
- 높은 엔지니어링 역량으로 성공적인 머신러닝 프로젝트를 구축할 수 있는 분","이러한 강점이 있다면 더욱 좋습니다:
- 빅데이터 툴 경험을 보유하신 분 ( Hadoop, Spark, Kafka 등)
- Postgres 및 HBASE, Apache Cassandra 등을 포함한 관계형 SQL 및 NoSQL 데이터베이스 경험을 보유하신 분
- NoSQL 데이터베이스 사용 경험이 있으신 분
- 머신 러닝 프레임워크 사용 경험이 있으신 분
- 데이터 모델, 데이터 마이닝 및 세분화 기술에 대한 전문성을 갖추신 분
- SQL 데이터베이스 설계에 대한 실무 경험이 있으신 분
- 데이터 랭글링(Data Wrangling) 경험이 있으신 분
- 영어로 커뮤니케이션 할 수 있는 능력 (비즈니스 레벨은 필요하지만 유창함은 필요하지 않음)"
11,상시 채용,상시 채용,트릿지,머신러닝,"서울특별시 서초구 방배로 226, 2, 4, 5, 6, 별관2층(방배동, 넥센강남타워)",1 ~ 3년,정규직,"이러한 목표를 함께 이루고자 합니다:
트릿지의 Machine Learning Engineer 는 창의적인 사고를 바탕으로 머신러닝을 비롯한 데이터 프로세싱 기술을 활용하여 비즈니스를 혁신하는 솔루션을 만드는 역할을 수행하며, 데이터 이니셔티브에 대해 소프트웨어 개발자, 데이터베이스 설계자, 데이터 분석가를 지원하고 진행 중인 프로젝트 전반에 걸쳐 최적의 데이터 전달 아키텍처가 일관되도록 보장하는 책임을 가지고 있습니다.
이러한 업무를 주도적으로 수행합니다:
- 방대한 양의 누적 데이터를 분석하여 예측 값을 도출해냅니다.
- 새로운 API를 구축하여 데이터 볼륨과 복잡성의 지속적인 증가에 기여합니다.
- 요구 사항에 부합하는 머신러신 애플리케이션을 개발하는 데 협력합니다.
- 데이터 변환 및 정제, 기능 개발, 모델 구현에 대한 전반적인 업무에 참여합니다.
- 커스텀 데이터 알고리즘을 개발합니다.
- 백엔드 엔지니어 및 데이터 엔지니어와 긴밀하게 협력하여 머신러닝 모델을 개발합니다.","이러한 역량과 경험이 있는 분들을 찾습니다:
- 컴퓨터공학 또는 관련 분야의 학사 학위를 취득하신 분
- 데이터 사이언티스트 또는 머신 러닝 엔지니어로서 1년 이상의 경험을 보유하신 분
- 머신 러닝 기술에 대한 지식을 보유하신 분
- 구조화되지 않은 비정형 데이터에 대한 탄탄한 분석 스킬을 보유하신 분 (데이터 수집, 분석, 해석 및 시각화 포함)
- 데이터 과학 개념에 익숙하신 분
- SQL, Python 언어 사용에 능숙하신 분
- 높은 엔지니어링 역량으로 성공적인 머신러닝 프로젝트를 구축할 수 있는 분","이러한 강점이 있다면 더욱 좋습니다:
- 빅데이터 툴 경험을 보유하신 분 ( Hadoop, Spark, Kafka 등)
- Postgres 및 HBASE, Apache Cassandra 등을 포함한 관계형 SQL 및 NoSQL 데이터베이스 경험을 보유하신 분
- NoSQL 데이터베이스 사용 경험이 있으신 분
- 머신 러닝 프레임워크 사용 경험이 있으신 분
- 데이터 모델, 데이터 마이닝 및 세분화 기술에 대한 전문성을 갖추신 분
- SQL 데이터베이스 설계에 대한 실무 경험이 있으신 분
- 데이터 랭글링(Data Wrangling) 경험이 있으신 분
- 영어로 말하고 쓰실 수 있는 분 (비즈니스 레벨은 필요하지만 유창성은 필요하지 않음)"
12,상시 채용,상시 채용,트릿지,"서버/백엔드, 데이터 엔지니어","서울특별시 서초구 방배로 226, 2, 4, 5, 6, 별관2층(방배동, 넥센강남타워)",3 ~ 10년,정규직,"이러한 목표를 함께 이루고자 합니다:
트릿지의 데이터 엔지니어는 창의적인 사고를 통해 Data Processing, Machine Learning 및 소프트웨어 개발 기술을 활용하여 트릿지의 비즈니스를 혁신하는 솔루션을 만드는 역할을 수행합니다.
트릿지 비즈니스의 출발점이 되는 모든 Data 관련 Engineering 프로젝트에 대해 소프트웨어 개발자, 데이터베이스 설계자, 데이터 분석가를 지원하고, 진행 중인 프로젝트 전반에 걸쳐 최적의 데이터가 전달되도록 아키텍처를 설계하고 구축하는 일을 담당합니다.
이러한 업무를 주도적으로 수행합니다:
- 최적의 데이터 파이프라인 아키텍처를 만들고 유지합니다.
- SQL 및 AWS '빅 데이터' 기술을 사용하여 다양한 데이터 소스에서 데이터를 최적으로 추출, 변환 및 로드하는 데 필요한 인프라를 구축합니다.
- 업계 최고 수준의 데이터 분석 툴을 빌드하고 최적화 하는 작업에 협력합니다.
- 머신 러닝 인프라를 개발하고 구현하는 데 협력합니다.
- 확장 가능한 데이터 파이프라인을 개발 및 유지 관리하는 데 협력하고 새로운 API를 구축하여 데이터 볼륨과 복잡성의 지속적인 증가를 지원합니다.
- 백엔드 엔지니어 및 머신러닝 엔지니어와 긴밀하게 협력하여 머신러닝 모델을 개발합니다.","이러한 역량과 경험이 있는 분들을 찾습니다:
- 컴퓨터공학 또는 관련 분야의 학사 또는 석사 학위를 취득하신 분
- 데이터 엔지니어로서 3년 이상의 경험을 보유하신 분
- 알고리즘 및 데이터 구조에 대한 높은 이해도를 보유하신 분
- '빅 데이터' 데이터 파이프라인, 아키텍처 및 데이터 세트 구축 및 최적화 작업을 경험하신 분
- 구조화되지 않은 비정형 데이터에 대한 탄탄한 분석 스킬을 보유하신 분
- SQL, Python 언어 사용에 능숙하신 분.
- 통계 프로그래밍에 대한 경험이 풍부하신분.
- 팀 환경에서 잘 일할 수 있으신 분
- 뛰어난 문제 해결 능력을 보유하신 분
- 영어로 커뮤니케이션 할 수 있으신 분 (비즈니스 레벨은 필요하지만 유창함은 필요하지 않음)","이러한 강점이 있다면 더욱 좋습니다:
- 빅데이터 툴 경험: Hadoop, Spark, Kafka 등
- Postgres 또는 HBASE, Apache Cassandra 등을 포함한 관계형 SQL 및 NoSQL 데이터베이스 경험.
- Jupyter Notebook, TensorFlow, Pytorch 등 경험자.
- 머신러닝 프레임워크 경험.
- 데이터 모델, 데이터 마이닝 및 세분화 기술에 대한 기술적 전문성.
- SQL 데이터베이스 설계에 대한 실무 경험.
- ETL 도구에 대한 지식.
- 영어로 원활히 말하고 쓰실 수 있으신 분"
13,상시 채용,상시 채용,트릿지,"서버/백엔드, 웹 풀스택","서울특별시 서초구 방배로 226, 4, 5, 6층(방배동, 넥센강남타워)",3 ~ 10년,정규직,"이러한 목표를 함께 이루고자 합니다:
트릿지의 Backend Application Engineer (Python) 는 국제 무역 거래 플랫폼에서 발생하는 다양한 비즈니스 요구사항과 기술적 문제들을 풀어 나갑니다.
전세계에 분포한 유저를 대상으로 24시간 365일 오퍼레이팅하는 무역 플랫폼의 특성상, 트릿지의 백엔드 엔지니어는 웹개발 역량뿐만 아니라, 무역 비즈니스 로직의 복잡성을 이해하고, 가용성과 현지화(번역,시차 등)를 통합적으로 사고할 수 있는 역량이 요구되기도 합니다.
이처럼 트릿지의 백엔드 엔지니어가 해결하고자 하는 문제의 난이도가 높고 방대한 데이터를 다루는만큼, 엔지니어링 팀이 창출하는 임팩트는 정보 불균형을 해소하고자 하는 기업의 비전과 가장 맞닿아 있으며, 데이터 구조와 알고리즘, 캐싱, 인프라스트럭처까지 다방면의 기술을 다루고 있습니다.
이러한 업무를 주도적으로 수행합니다:
- 유저들이 사용하는 플랫폼과 Back Office를 백엔드개발자의 관점에서 오너십을 가지고 개발 합니다.
- 백엔드 기술 방향성에 직접적인 영향에 기여하고 Product와 Engineering팀의 확장을 돕습니다.
- 코드 리뷰에 참여하여 안정되고 수준 높은 Codebase를 유지합니다.
- 애플리케이션, 인프라, 데이터셋 분석, 번역시스템 등 많은 기술적인 개선을 합니다.
- PM, 디자이너 등 Product Team 동료들과 긴밀하게 협업하고 최상의 전략을 구상합니다.
- 주니어 엔지니어들의 성장과 실력향상을 촉진시킵니다.","이러한 역량과 경험이 있는 분들을 찾습니다:
- 웹 애플리케이션을 위한 Backend 구축에 3년 이상 경험을 가지신 분(스택 관계 없음)
- DevOps와 Infrastructure에 익숙하신 분
- Python 및 Django(또는 Flask) 사용 경험
- 비즈니스 요구사항에 따른 데이터베이스 모델링 경험
- 영어로 커뮤니케이션 할 수 있는 능력 (비즈니스 레벨은 필요하지만 유창함은 필요하지 않음)","이러한 강점이 있다면 더욱 좋습니다:
- GraphQL 및 서버 구현 경험을 보유하신 분
- 일반 소프트웨어 아키텍처(DDD, 클린 아키텍처 등)에 대한 지식과 경험을 보유하신 분
- 설계 검토에서 배치에 이르기까지 백엔드 설계 의사 결정을 이끈 경험을 보유하신 분
- 다국적 팀원으로 구성된 글로벌한 환경에서 개발자로서 커리어를 희망하시는 분
- 영어로 능숙하게 커뮤니케이션이 가능하신 분"
14,상시 채용,상시 채용,트릿지,"서버/백엔드, 웹 풀스택, 데이터 엔지니어","서울특별시 서초구 방배로 226, 2, 4, 5, 6, 별관2층(방배동, 넥센강남타워)",경력 무관,정규직,"이러한 목표를 함께 이루고자 합니다:
트릿지의 Backend Application Engineer 는 국제 무역 거래 플랫폼에서 발생하는 다양한 비즈니스 요구사항과 기술적 문제들을 풀어 나갑니다.
전세계에 분포한 유저를 대상으로 24시간 365일 오퍼레이팅하는 무역 플랫폼의 특성상, 트릿지의 백엔드 엔지니어는 웹개발 역량뿐만 아니라, 무역 비즈니스 로직의 복잡성을 이해하고, 가용성과 현지화(번역,시차 등)를 통합적으로 사고할 수 있는 역량이 요구되기도 합니다.
이처럼 트릿지의 백엔드 엔지니어가 해결하고자 하는 문제의 난이도가 높고 방대한 데이터를 다루는만큼, 엔지니어링 팀이 창출하는 임팩트는 정보 불균형을 해소하고자 하는 기업의 비전과 가장 맞닿아 있으며, 데이터 구조와 알고리즘, 캐싱, 인프라스트럭쳐까지 다방면의 기술을 다루며 폭발적인 성장이 가능한 포지션입니다.
이러한 업무를 주도적으로 수행합니다:

- 소비자들과 트릿지 구성원들이 사용하는 제품의 백엔드 환경을 구현합니다.
- 지속적인 기술향상을 위해 테스트 케이스 작성과 최적화 그리고 리팩터링에 참여합니다.
- 다양한 기술 스택들을 배울 수 있는 기회를 만나게 됩니다. (DevOps, Data Science, Kubernetes 등)","이러한 역량과 경험이 있는 분들을 찾습니다:
- 컴퓨터 공학 관련 학위를 소지하거나 6개월 이상 개발 경험이 있으신 분
- 탄탄한 공학 지식을 가지고 계신분 (자료구조, 알고리즘, 개발관련 컨셉)
- Python이나 Javascript 경험이 있으신 분
- 호기심이 많고 배우려는 자세를 가지신 분","이러한 강점이 있다면 더욱 좋습니다:
- Django 혹은 Flask 경험이 있으신 분
- 데이터베이스에 대해 잘 알고 모델링 경험이 있으신 분
- 적극적으로 커뮤니케이션하고 실행력이 있는 분
- 비즈니스 레벨의 영어 커뮤니케이션이 가능하신 분"
15,상시 채용,상시 채용,트릿지,"프론트엔드, 웹 풀스택","서울특별시 서초구 방배로 226, 2, 4, 5, 6, 별관2층(방배동, 넥센강남타워)",2 ~ 10년,정규직,"이러한 목표를 함께 이루고자 합니다:
트릿지의 엔지니어는 B2B 시장에서 기술을 통해 글로벌 무역 거래의 정보 비대칭성 해소, 적재적소의 바이어 및 공급자 검색 등 글로벌 무역 업계에 다양한 해결책을 제시합니다. 지금도 수십만명의 기업 고객들이 트릿지 플랫폼을 통해 새로운 거래 방식을 만들어 내고 고질적인 문제를 해결하고 있습니다.
이러한 업무를 주도적으로 수행합니다:
- React, GraphQL를 활용한 웹서비스 전반의 설계, 구현 및 그에 필요한 의사결정에 참여합니다.
- D3.js 기반으로 데이터 시각화 모듈을 개발하고, 해당 라이브러리의 오픈소스화에 기여합니다.
- QA 및 테스트 자동화를 위한 시스템을 설계하고 구현합니다.
- Search Engine Optimization를 통해 유저 트래픽 향상에 기여하며 마케팅팀과 긴밀하게 협업합니다.
- 치열한 코드 리뷰와 기술 논의를 통해 팀의 전체적인 성장 및 업무 프로세스의 개선에 참여합니다.
- Ionic 기반의 Cross-Platform 하이브리드앱을 구현하며 추상화 및 재사용성 개선에 참여합니다.","이러한 역량과 경험이 있는 분들을 찾습니다:
- 2년 이상 프론트엔드 개발 경험이 있으신 분
- Javascript, HTML, CSS에 대한 높은 기술적 이해도를 가지신 분
- Refactoring의 필요성을 이해하고 그에 대한 경험이 있으신 분
- 자동화에 대한 경험이 있으신 분
- 설계, 구현에 대한 전반적 관리가 가능한 분
- 팀 전체의 성장에 대해 함께 고민해 나갈 분","이러한 강점이 있다면 더욱 좋습니다:
- 높은 수준의 React 기반의 제품을 만들어 본 경험이 있는 분
- QA 및 테스트 시스템을 설계하고 관리해 본 경험이 있는 분
- SSR, SEO에 대한 높은 수준의 이해도를 가지고 있는 분
- D3를 통해 데이터 시각화 모듈을 만들어 본 경험이 있는 분
- 모바일 하이브리드 앱 개발 경험이 있는 분
- 컴퓨터 공학 연관 전공 학위를 소지하신 분"
16,2022-11-11 17:06,2022-11-19 17:06,클레온,"머신러닝, 인공지능(AI)",서울시 성동구 연무장5길 9-16 블루스톤타워 306호 클레온 기업부설연구소,2 ~ 10년,정규직,"- 딥러닝 서비스를 제공하기 위해, 딥러닝 모델을 처리 프로세스에 맞게 연동하고 API화합니다.
- 딥러닝 서비스 프로파일링을 통해 병목현상을 발견하고 더 좋은 알고리즘이나 디자인을 제안합니다.
- 병렬 컴퓨팅 등 최적화로 딥러닝 서비스를 원활하게 제공합니다.","-딥러닝 엔지니어 경력 2년 이상 (신입의 경우, 석사 이상 경력 인정)
- Python 또는 C++ 중 하나의 언어 능숙하게 사용 가능
- PyTorch, Tensorflow 등의 딥러닝 프레임워크로 이뤄진 모델 다뤄본 경험
- 전문 연구원(병역 특례) 가능","- 맡은 업무에 대한 책임감이 뛰어나고, 사람들에게 편의를 제공해주고자 하는 열의
- 딥러닝 기반 실 서비스 개발 및 운영 경험
- Ray, Dask 등 병렬처리 프레임워크 이용 경험
- 컴퓨터 비전, 이미지 및 동영상 처리 등 관련 경험
- RESTful API 개발 경험
- 메시지 큐를 사용하여 작업 스케쥴링을 해본 경험
- TensorRT 등 딥러닝 모델 경량화 경험
- Triton Inference Server와 같은, 딥러닝 작업 처리 서버 구축 경험"
17,2022-11-11 17:05,2022-11-19 17:05,클레온,서버/백엔드,서울시 중구 소월로2길 30 티타워 18층 클레온,2 ~ 3년,정규직,"우리가 하는 업무는 클레온에서 매우 중요해요. 우리는 다음과 같은 업무를 해요.
- 클레온의 모든 서비스에서 결재/정산/혜택/쿠폰 플랫폼을 담당해요.
- 모든 서비스를 뒷받침 하는 서버 플랫폼 개발자, 장애와 관련 있는 부분을 모니터링 하는 SRE, 배포 파이프라인을 고도화하는 DevOps와 긴밀하게 협업해요.
- 서비스 장애가 생겨도 빠른 시간 내에 복구할 수 있도록 만반의 준비를 하고, 늘 안정적으로 운영될 수 있도록 지원
- 클래온 고객분들이 이용하시는 서비스 뒷단의 모든 결재/정산/혜택/쿠폰 프로세스 개발해요.
- 확장 가능한 모듈 구조를 고민하고 개선해요.
- 개발 및 배포 환경을 개선해요.
- 서로의 코드를 공유하고 리뷰해요.
- 테크 센터의 다양한 기술 세미나에 참여해요.
- 최신 기술을 함께 학습하고 공유해요.","당신의 다음과 같은 경험은 클레온에서 빛 날거예요. 잊지말고 꼭 이력서에 작성해주세요.
- 웹/앱 서버 어플리케이션 실무 3년차 이상 또는 그에 준하는 역량을 보유하시면 좋아요.
- Java/Kotlin, Spring Framework(Spring Boot)를 잘 이해하고 활용 가능 하셔야 해요.
- JPA를 활용한 ORM 방식의 개발 경험이 필요해요.
- MySQL 등의 RDBMS 경험이 필요해요.
- 고가용성의 확장 가능한 시스템을 설계하고 운영해본 경험이 있는 분이 필요해요.
- 대규모의 실시간 트래픽을 처리하는 시스템 개발 경험이 있는 분이 필요해요.
- AWS를 활용한 서비스 개발 및 배포의 경험이 필요해요.
- 대용량 트래픽을 빠르고 안정적으로 처리할 수 있도록 고민하고 개발해본 경험이 필요해요.","- MSA와 EDA를 적용한 경험이 있으면 좋아요.
- NoSQL, Cashe 등의 활용을 통해 성능 개선의 경험을 기술해 주세요.
- 서비스에 대한 애착이 강해서 ‘내 서비스’라는 마음으로 일하는 분이 필요해요.
- 서비스 개발을 하면서 얻게 되는 새로운 인사이트나 아이디어에 대해서도 공유하며, 끊임없이 기술적인 도전을 하고 싶은 분과 함께하고 싶어요.
- 문제를 발견해서 적극적으로 개선해본 경험이 있다면, 어떤 기술 스택을 사용하여 어느 정도 개선 했는지 구체적으로 적어주세요!
- 서비스 초기단계에 참여해본 경험이 있다면 기술해주세요.
- Jira, Confluence 등 협업툴 사용 경험이 있으시면 좋아요.
- 저희는 특정 기술 스택이나 프레임워크의 지식보다는 탄탄한 기본기, 논리 적 사고력과 추론 능력 그리고 실제 코드 구현 능력을 중요하게 생각해요."
18,2022-11-11 17:04,2022-11-19 17:04,클레온,서버/백엔드,"서울 중구 소월로2길 30, (남대문로5가, 남산트라팰리스) 티타워 18층 클레온",2 ~ 15년,정규직,"- 딥 휴먼 기술로 디지털 혁신을 만들고, 이를 통해 아름다운 경험을 제공하는 Product 서버를 설계하고 개발해요
- 최고의 가치를 제공하기 위해 시스템 서비스 설계부터 운영까지 보이지 않는 모든 일에 투입되어요. 
- 트랜디한 기술을 활용하여 서비스가 안정적으로 운영될 수 있도록 하며, 유저들의 보이스를 듣고 빠르고 유연하게 문제를 해결해요. 
- 확장 가능한 모듈 구조를 고민하고 개선해요.
- 개발 및 배포 환경을 개선해요.
- 서로의 코드를 공유하고 리뷰해요.
- 테크 센터의 다양한 기술 세미나에 참여해요.
- 최신 기술을 함께 학습하고 공유해요.","우리가 사용하는 기술은 다음과 같아요. 우리는 최신 기술을 학습하고 사용하는 것을 좋아해요.
Kotlin, Java
Spring Mvc, Spring Boot, Spring Batch
JPA, MySQL, Redis
Git, Docker, Jenkins
Kafka, ELK

당신의 다음과 같은 경험은 클레온에서 빛 날거예요. 잊지말고 꼭 이력서에 작성해주세요.

고가용성의 확장 가능한 시스템을 설계하고 운영해본 경험이 있는 분이 필요해요.
대규모의 실시간 트래픽을 처리하는 시스템 개발 경험이 있는 분이 필요해요.
장애를 경험하고 문제를 해결해보신 경험이 있는 분이 필요해요.
서비스에 대한 애착이 강해서 ‘내 서비스’라는 마음으로 일하는 분이 필요해요.
대용량 트래픽을 빠르고 안정적으로 처리할 수 있도록 고민하고 개발해본 경험이 필요해요.
저희는 특정 기술 스택이나 프레임워크의 지식보다는 탄탄한 기본기, 논리 적 사고력과 추론 능력 그리고 실제 코드 구현 능력을 중요하게 생각해요.","서비스 개발을 하면서 얻게 되는 새로운 인사이트나 아이디어에 대해서도 공유하며, 끊임없이 기술적인 도전을 하고 싶은 분과 함께하고 싶어요.
문제를 발견해서 적극적으로 개선해본 경험이 있다면, 어떤 기술 스택을 사용하여 어느 정도 개선 했는지 구체적으로 이력서에 작성해주세요!
서비스 초기단계에 참여해본 경험이 있다면 기술해주세요.
Jira, Confluence 등 협업툴 사용 경험이 있으시면 좋아요."
19,2022-11-11 17:03,2022-11-19 17:03,클레온,서버/백엔드,"서울 중구 소월로2길 30, (남대문로5가, 남산트라팰리스) 티타워 18층 클레온",2 ~ 15년,정규직,"- 딥 휴먼 기술로 디지털 혁신을 만들고, 이를 통해 아름다운 경험을 제공하는 Product 서버를 설계하고 개발해요
- 최고의 가치를 제공하기 위해 시스템 서비스 설계부터 운영까지 보이지 않는 모든 일에 투입되어요. 
- 트랜디한 기술을 활용하여 서비스가 안정적으로 운영될 수 있도록 하며, 유저들의 보이스를 듣고 빠르고 유연하게 문제를 해결해요. 
- 확장 가능한 모듈 구조를 고민하고 개선해요.
- 개발 및 배포 환경을 개선해요.
- 서로의 코드를 공유하고 리뷰해요.
- 테크 센터의 다양한 기술 세미나에 참여해요.
- 최신 기술을 함께 학습하고 공유해요.","우리가 사용하는 기술은 다음과 같아요. 우리는 최신 기술을 학습하고 사용하는 것을 좋아해요.
Kotlin, Java
Spring Mvc, Spring Boot, Spring Batch
JPA, MySQL, Redis
Git, Docker, Jenkins
Kafka, ELK

당신의 다음과 같은 경험은 클레온에서 빛 날거예요. 잊지말고 꼭 이력서에 작성해주세요.

고가용성의 확장 가능한 시스템을 설계하고 운영해본 경험이 있는 분이 필요해요.
대규모의 실시간 트래픽을 처리하는 시스템 개발 경험이 있는 분이 필요해요.
장애를 경험하고 문제를 해결해보신 경험이 있는 분이 필요해요.
서비스에 대한 애착이 강해서 ‘내 서비스’라는 마음으로 일하는 분이 필요해요.
대용량 트래픽을 빠르고 안정적으로 처리할 수 있도록 고민하고 개발해본 경험이 필요해요.
저희는 특정 기술 스택이나 프레임워크의 지식보다는 탄탄한 기본기, 논리 적 사고력과 추론 능력 그리고 실제 코드 구현 능력을 중요하게 생각해요.","서비스 개발을 하면서 얻게 되는 새로운 인사이트나 아이디어에 대해서도 공유하며, 끊임없이 기술적인 도전을 하고 싶은 분과 함께하고 싶어요.
문제를 발견해서 적극적으로 개선해본 경험이 있다면, 어떤 기술 스택을 사용하여 어느 정도 개선 했는지 구체적으로 이력서에 작성해주세요!
서비스 초기단계에 참여해본 경험이 있다면 기술해주세요.
Jira, Confluence 등 협업툴 사용 경험이 있으시면 좋아요."
20,2022-11-11 17:01,2022-11-19 17:02,클레온,"머신러닝, 인공지능(AI)",서울시 성동구 연무장5길 9-16 블루스톤타워 306호 클레온 기업부설연구소,경력 무관,정규직,"- 딥러닝 서비스를 제공하기 위해, 딥러닝 모델을 처리 프로세스에 맞게 연동하고 API화합니다.
- 딥러닝 서비스 프로파일링을 통해 병목현상을 발견하고 더 좋은 알고리즘이나 디자인을 제안합니다.
- 병렬 컴퓨팅 등 최적화로 딥러닝 서비스를 원활하게 제공합니다.","-딥러닝 엔지니어 경력 2년 이상 (신입의 경우, 석사 이상 경력 인정)
- Python 또는 C++ 중 하나의 언어 능숙하게 사용 가능
- PyTorch, Tensorflow 등의 딥러닝 프레임워크로 이뤄진 모델 다뤄본 경험
- 전문 연구원(병역 특례) 가능","- 맡은 업무에 대한 책임감이 뛰어나고, 사람들에게 편의를 제공해주고자 하는 열의
- 딥러닝 기반 실 서비스 개발 및 운영 경험
- Ray, Dask 등 병렬처리 프레임워크 이용 경험
- 컴퓨터 비전, 이미지 및 동영상 처리 등 관련 경험
- RESTful API 개발 경험
- 메시지 큐를 사용하여 작업 스케쥴링을 해본 경험
- TensorRT 등 딥러닝 모델 경량화 경험
- Triton Inference Server와 같은, 딥러닝 작업 처리 서버 구축 경험"
21,2022-11-11 17:01,2022-11-19 17:01,클레온,서버/백엔드,서울시 중구 소월로2길 30 티타워 18층 클레온,2 ~ 10년,정규직,"우리가 하는 업무는 클레온에서 매우 중요해요. 우리는 다음과 같은 업무를 해요.
- 딥 휴먼 기술로 디지털 혁신을 만들고, 이를 통해 아름다운 경험을 제공하는 Product 서버를 설계하고 개발해요
- 최고의 가치를 제공하기 위해 시스템 서비스 설계부터 운영까지 보이지 않는 모든 일에 투입되어요.
- 트랜디한 기술을 활용하여 서비스가 안정적으로 운영될 수 있도록 하며, 유저들의 보이스를 듣고 빠르고 유연하게 문제를 해결해요.
- 확장 가능한 모듈 구조를 고민하고 개선해요.
- 개발 및 배포 환경을 개선해요.
- 서로의 코드를 공유하고 리뷰해요.
- 테크 센터의 다양한 기술 세미나에 참여해요.
- 최신 기술을 함께 학습하고 공유해요.","우리가 사용하는 기술은 다음과 같아요. 우리는 최신 기술을 학습하고 사용하는 것을 좋아해요.
- Kotlin, Java
- Spring Mvc, Spring Boot, Spring Batch
- JPA, MySQL, Redis
- Git, Docker, Jenkins
- Kafka, ELK
당신의 다음과 같은 경험은 클레온에서 빛 날거예요. 잊지말고 꼭 이력서에 작성해주세요.
- 고가용성의 확장 가능한 시스템을 설계하고 운영해본 경험이 있는 분이 필요해요.
- 대규모의 실시간 트래픽을 처리하는 시스템 개발 경험이 있는 분이 필요해요.
- 장애를 경험하고 문제를 해결해보신 경험이 있는 분이 필요해요.
- 서비스에 대한 애착이 강해서 ‘내 서비스’라는 마음으로 일하는 분이 필요해요.
- 대용량 트래픽을 빠르고 안정적으로 처리할 수 있도록 고민하고 개발해본 경험이 필요해요.
- 저희는 특정 기술 스택이나 프레임워크의 지식보다는 탄탄한 기본기, 논리 적 사고력과 추론 능력 그리고 실제 코드 구현 능력을 중요하게 생각해요.","- 서비스 개발을 하면서 얻게 되는 새로운 인사이트나 아이디어에 대해서도 공유하며, 끊임없이 기술적인 도전을 하고 싶은 분과 함께하고 싶어요.
- 문제를 발견해서 적극적으로 개선해본 경험이 있다면, 어떤 기술 스택을 사용하여 어느 정도 개선 했는지 구체적으로 이력서에 작성해주세요!
- 서비스 초기단계에 참여해본 경험이 있다면 기술해주세요.
- Jira, Confluence 등 협업툴 사용 경험이 있으시면 좋아요."
22,2022-11-11 17:01,2022-11-19 17:01,클레온,머신러닝,서울시 중구 소월로2길 30 티타워 18층 클레온,2 ~ 10년,정규직,"음성 합성 기술 개발
TTS (Text to Speech) 모델 성능 고도화
Few-shot TTS 기술 개발
Voice Conversion 기술 개발
STS (Speech to Speech) 기술 개발","딥러닝 경력 2년이상(석사이상 경력 인정)
Pytorch 사용 경험
전문 연구원(병역 특례) 가능","딥러닝 혹은 유사 분야 논문 작성 경험
논문 해석 및 Oral Presentation 이해가능한 영어실력
새로운 연구에 대해 적극적이고 주도적인 분
최신 기술 트렌드를 빨리 캐치하고 적용할 수 있는 분"
23,2022-11-11 16:59,2022-11-19 17:00,클레온,머신러닝,"서울 성동구 연무장5길 9-16, (성수동2가) 306호 클레온 기업부설연구소",2 ~ 10년,정규직,"• 딥러닝 네트워크 고도화
 -Computer Vision
 -Generative Model (Super Resolution, Latent Search, 3D Modeling, Facial Animation Generation, Body Generation, etc)
 -Discriminative Model (Face Detection, Face Segmentation, Landmark Detection, etc)
• 이 외 신기술 개발
 -Speech & NLP
 -Speech Generation (TTS, STS, etc)
 -NLG (Chatbot)
 - ETC
 -Multimodal Model (CLIP, Lip Sync Generation, etc)
 -Meta Learning (Few-shot Learning, Continual Learning, etc)","• 딥러닝 경력 2년이상(석사이상 경력 인정)
• Pytorch 사용 경험
• 전문 연구원(병역 특례) 가능","• 딥러닝 혹은 유사 분야 논문 작성 경험
• 논문 해석 및 Oral Presentation 이해가능한 영어실력
• 새로운 연구에 대해 적극적이고 주도적인 분
• 최신 기술 트렌드를 빨리 캐치하고 적용할 수 있는 분"
24,2022-11-11 16:59,2022-11-19 16:59,클레온,서버/백엔드,서울시 중구 소월로2길 30 티타워 18층 클레온,2 ~ 10년,정규직,"우리가 하는 업무는 클레온에서 매우 중요해요. 우리는 다음과 같은 업무를 해요.
- 딥 휴먼 기술로 디지털 혁신을 만들고, 이를 통해 아름다운 경험을 제공하는 Product 서버를 설계하고 개발해요
- 최고의 가치를 제공하기 위해 시스템 서비스 설계부터 운영까지 보이지 않는 모든 일에 투입되어요.
- 트랜디한 기술을 활용하여 서비스가 안정적으로 운영될 수 있도록 하며, 유저들의 보이스를 듣고 빠르고 유연하게 문제를 해결해요.
- 확장 가능한 모듈 구조를 고민하고 개선해요.
- 개발 및 배포 환경을 개선해요.
- 서로의 코드를 공유하고 리뷰해요.
- 테크 센터의 다양한 기술 세미나에 참여해요.
- 최신 기술을 함께 학습하고 공유해요.","우리가 사용하는 기술은 다음과 같아요. 우리는 최신 기술을 학습하고 사용하는 것을 좋아해요.
- Kotlin, Java
- Spring Mvc, Spring Boot, Spring Batch
- JPA, MySQL, Redis
- Git, Docker, Jenkins
- Kafka, ELK
당신의 다음과 같은 경험은 클레온에서 빛 날거예요. 잊지말고 꼭 이력서에 작성해주세요.
- 고가용성의 확장 가능한 시스템을 설계하고 운영해본 경험이 있는 분이 필요해요.
- 대규모의 실시간 트래픽을 처리하는 시스템 개발 경험이 있는 분이 필요해요.
- 장애를 경험하고 문제를 해결해보신 경험이 있는 분이 필요해요.
- 서비스에 대한 애착이 강해서 ‘내 서비스’라는 마음으로 일하는 분이 필요해요.
- 대용량 트래픽을 빠르고 안정적으로 처리할 수 있도록 고민하고 개발해본 경험이 필요해요.
- 저희는 특정 기술 스택이나 프레임워크의 지식보다는 탄탄한 기본기, 논리 적 사고력과 추론 능력 그리고 실제 코드 구현 능력을 중요하게 생각해요.","- 서비스 개발을 하면서 얻게 되는 새로운 인사이트나 아이디어에 대해서도 공유하며, 끊임없이 기술적인 도전을 하고 싶은 분과 함께하고 싶어요.
- 문제를 발견해서 적극적으로 개선해본 경험이 있다면, 어떤 기술 스택을 사용하여 어느 정도 개선 했는지 구체적으로 이력서에 작성해주세요!
- 서비스 초기단계에 참여해본 경험이 있다면 기술해주세요.
- Jira, Confluence 등 협업툴 사용 경험이 있으시면 좋아요."
25,2022-11-11 16:58,2022-11-19 16:58,클레온,서버/백엔드,서울시 중구 소월로2길 30 티타워 18층 클레온,2 ~ 14년,정규직,"우리가 하는 업무는 클레온에서 매우 중요해요. 우리는 다음과 같은 업무를 해요.
- 딥 휴먼 기술로 디지털 혁신을 만들고, 이를 통해 아름다운 경험을 제공하는 Product 서버를 설계하고 개발해요
- 최고의 가치를 제공하기 위해 시스템 서비스 설계부터 운영까지 보이지 않는 모든 일에 투입되어요.
- 트랜디한 기술을 활용하여 서비스가 안정적으로 운영될 수 있도록 하며, 유저들의 보이스를 듣고 빠르고 유연하게 문제를 해결해요.
- 확장 가능한 모듈 구조를 고민하고 개선해요.
- 개발 및 배포 환경을 개선해요.
- 서로의 코드를 공유하고 리뷰해요.
- 테크 센터의 다양한 기술 세미나에 참여해요.
- 최신 기술을 함께 학습하고 공유해요.","우리가 사용하는 기술은 다음과 같아요. 우리는 최신 기술을 학습하고 사용하는 것을 좋아해요.
- Kotlin, Java
- Spring Mvc, Spring Boot, Spring Batch
- JPA, MySQL, Redis
- Git, Docker, Jenkins
- Kafka, ELK
당신의 다음과 같은 경험은 클레온에서 빛 날거예요. 잊지말고 꼭 이력서에 작성해주세요.
- 고가용성의 확장 가능한 시스템을 설계하고 운영해본 경험이 있는 분이 필요해요.
- 대규모의 실시간 트래픽을 처리하는 시스템 개발 경험이 있는 분이 필요해요.
- 장애를 경험하고 문제를 해결해보신 경험이 있는 분이 필요해요.
- 서비스에 대한 애착이 강해서 ‘내 서비스’라는 마음으로 일하는 분이 필요해요.
- 대용량 트래픽을 빠르고 안정적으로 처리할 수 있도록 고민하고 개발해본 경험이 필요해요.
- 저희는 특정 기술 스택이나 프레임워크의 지식보다는 탄탄한 기본기, 논리적 사고력과 추론 능력 그리고 실제 코드 구현 능력을 중요하게 생각해요.","- 서비스 개발을 하면서 얻게 되는 새로운 인사이트나 아이디어에 대해서도 공유하며, 끊임없이 기술적인 도전을 하고 싶은 분과 함께하고 싶어요.
- 문제를 발견해서 적극적으로 개선해본 경험이 있다면, 어떤 기술 스택을 사용하여 어느 정도 개선 했는지 구체적으로 이력서에 작성해주세요!
- 서비스 초기단계에 참여해본 경험이 있다면 기술해주세요.
- Jira, Confluence 등 협업툴 사용 경험이 있으시면 좋아요."